product_id,product_name,brand,RRP,currency,product_category,product_main_category
1,YSSdkGJPPO olULp,Suunto,13.03,USD,Other,American Football
2,FfccHQNERi EAusa,Hyperice,34.68,EUR,Other,Running
3,EJitdZQLsd PQxDv,Samsung,33.59,USD,Other,Basketball
4,JsAicUCKws hCHPn,Reebok,44.12,USD,Other,Golf
5,jaVJwWjPkJ QNoeP,Mountain Hardwear,23.56,EUR,Other,Tennis
6,VRjYrLqvYd kpRyi,Suunto,60.93,USD,Other,Swimming
7,LaQYkOOIbk iWRMG,Under Armour,75.42,EUR,Heart Rate Monitors,Accessories
8,hIzkJsZDCx QoXMM,New Balance,71.2,EUR,Other,Tennis
9,DPbxuVnvOd NUToc,Adidas,31.16,USD,Foam Rollers,Fitness Equipment
10,soetVeihmi zsznU,Fitbit,73.47,EUR,Other,Tennis
11,gjAKszzBzT fRSne,Puma,32.97,EUR,Other,Gym Training
12,sJEeGOBIcj OjHJA,SPRI,55.57,EUR,Gym Bags,Accessories
13,fVtaogmlfy PjszH,Suunto,26.28,USD,Foam Rollers,Fitness Equipment
14,eVgnPJyvQM twyOd,Suunto,71.68,USD,Other,Skiing & Snowboarding
15,ksrgDfgJbP ZBnlc,SPRI,62.52,USD,Dumbbells,Fitness Equipment
16,WZbbFCChyu iGOow,Columbia,10.47,EUR,Other,Hiking
17,qkevPnVrJc alDbr,Sea to Summit,23.94,USD,Yoga Mats,Fitness Equipment
18,kzUogqrKvH YiLTo,Mountain Hardwear,84.78,EUR,Other,Hiking
19,gCqspaKEBm NpuKN,TriggerPoint,80.22,EUR,Other,Golf
20,NkutsXRWFW tBtWl,Kelty,68.58,USD,Other,Soccer
21,OShvIawRbW mcAdx,Asics,16.25,USD,Other,Gym Training
22,xkexHYqrhH hMDKH,Mountain Hardwear,79.26,EUR,Other,Running
23,lRhqAwkuMa YSwmC,Patagonia,87.21,EUR,Shorts,Apparel
24,HASEEDsZqv RcSPv,Garmin,38.49,USD,Medicine Balls,Fitness Equipment
25,MlCOSOwIXe VxevI,TriggerPoint,12.9,EUR,Yoga Mats,Fitness Equipment
26,yIiTTxWMyp jRFjo,The North Face,35.85,EUR,Watches,Accessories
27,mpHdrEUbeK QNoBn,Polar,26.44,EUR,Other,Running
28,CEhzPzgRNQ UJblh,Gregory,66.37,USD,Other,American Football
29,VDcLOdPGYx ISkyZ,Bala,64.78,EUR,Other,Baseball
30,diCbwLUPRe hdZbJ,Sea to Summit,55.77,EUR,Slippers,Footwear
31,qpTgTxVifv tKUNV,Suunto,60.27,USD,Other,Running
32,UaWjoInjSC KAkhq,Mountain Hardwear,13.38,EUR,Other,Swimming
33,jngtXetbGH LhFfF,Spartans,45.86,USD,Other,Swimming
34,kAlxkrErQM MSFmp,Patagonia,13.51,EUR,Other,Cycling
35,iYpjZDXSqt nvEDw,Columbia,64.46,EUR,Other,Golf
36,mNdNuahrRR SLMUy,Saucony,17.95,EUR,Other,Swimming
37,fkCzaXWJCf VrfEb,Garmin,37.23,EUR,Other,Soccer
38,duEnZxRSON rgPNG,Hyperice,63.18,USD,Other,Skiing & Snowboarding
39,dFDnvspCde AbDPq,Nathan,51.92,EUR,Other,Tennis
40,AklcGYJWBp ydiwS,The North Face,66.45,EUR,Other,Golf
41,XcorYuNrfL LWaIo,Sea to Summit,61.18,EUR,Other,Hiking
42,oFiwfCfHim bOkGA,Columbia,91.2,USD,Other,Yoga
43,XTqCqEERZm Jxwot,Sea to Summit,89.19,USD,Other,Soccer
44,uzWzhgSvLP EnYFl,Nathan,10.37,USD,T-Shirts,Apparel
45,xckfckIqqr nrEUV,Patagonia,11.91,EUR,Shorts,Apparel
46,KblbdKIQoB SYsHS,Nike,97.45,EUR,Resistance Bands,Fitness Equipment
47,lKuqnqlKSf EDkJH,Nathan,89.18,EUR,Foam Rollers,Fitness Equipment
48,EAQAIyioWL PVSiP,Black Diamond,30.96,USD,Resistance Bands,Fitness Equipment
49,yAxVUMlqMP AQwFQ,Marmot,79.27,USD,Other,Tennis
50,deJSqjURhn FQhBM,Columbia,58.73,USD,Other,Yoga
51,vSIIXXKIjZ ykDRB,Osprey,92.24,USD,Other,Golf
52,WtScTAVWDP bMRIg,Mountain Hardwear,79.84,USD,Other,Cycling
53,hzuRfWeHxj VFTQz,Polar,10.87,USD,Dumbbells,Fitness Equipment
54,PzNVJvoPqi Zdfpu,Garmin,91.57,USD,Walking Shoes,Footwear
55,dDnVewNNqP ytywt,Suunto,80.89,USD,Other,Baseball
56,kpCkkuAbDm oPdLv,Apple,89.25,EUR,Jackets,Apparel
57,iUsZwAdhtX hoywJ,Columbia,31.16,USD,Other,Hiking
58,ukaTCAfNsk HbLye,Mountain Hardwear,22.59,EUR,Sandals,Footwear
59,RCZulXAmeO otUto,CamelBak,94.82,USD,Medicine Balls,Fitness Equipment
60,ehsNOSRhmR pQfZF,Saucony,20.31,USD,Sports Bras,Apparel
61,zVpMKdvNjX BruuH,Adidas,77.17,EUR,Other,Climbing
62,iCHRIGjzzW MHRwe,Polar,52.27,USD,Towels,Accessories
63,CxjhYdNTpG aOQkl,Fitbit,25.55,USD,Towels,Accessories
64,zyoKOUWWFu EGMis,Amazfit,29.37,USD,Watches,Accessories
65,AHLkCvyAvU ydWKr,Adidas,38.54,EUR,Other,Baseball
66,GafrusUboP AnNRm,Samsung,81.54,USD,Other,Skiing & Snowboarding
67,OYRhQpWAsC mzKmO,Under Armour,53.16,EUR,Other,Yoga
68,uuHvKDTbnP Ehjqa,Fitbit,24.79,USD,Other,Running
69,gDzzGcYDSX ifYCV,MSR,81.8,EUR,Other,Golf
70,YQWjMobxCN nmkmj,Reebok,68.27,EUR,Other,Gym Training
71,rZZZZJlgmx cobAK,Nathan,83.1,EUR,Other,Camping
72,vpHiZFEhpX TigvB,Marmot,31.43,USD,Other,Soccer
73,IDIFSyWvwf bJBgG,Hyperice,50.01,EUR,Other,Running
74,AjkXqyANiI JAxwm,Spartans,88.2,USD,Other,Skiing & Snowboarding
75,pVDWzJwJye KEqpP,Columbia,90.22,USD,Other,Running
76,vfcCgJUiGq jEudS,Bala,52.83,USD,Other,Tennis
77,XzwpjuzOTk UfaWr,Marmot,94.47,EUR,Sports Bras,Apparel
78,bKYvmTapSF zDrZU,Brooks,92.97,EUR,Other,American Football
79,cULQPkmObP PoSuN,Samsung,72.82,EUR,Other,American Football
80,EPKwpoVIrq Otwie,Asics,75.15,EUR,Other,Soccer
81,MtdnbINHst MyEqj,Black Diamond,47.51,EUR,Other,Cycling
82,PIVVpOCFxJ jtZmo,Kelty,30.69,EUR,Other,Yoga
83,vWADueHoRU oMGvG,Gregory,75.01,USD,Other,Tennis
84,RpUpmyTjZR oCvOl,Apple,26.4,EUR,Other,Yoga
85,VExEsMqHJR rmBMM,TriggerPoint,90.63,EUR,Other,Basketball
86,KhYLJgzioF QnMej,Fitbit,66.97,USD,Other,Golf
87,AFOGAuPQiU xEpaR,Nike,60.4,EUR,Other,Hiking
88,SAtDWjLkAp UagLt,TriggerPoint,68.78,USD,Dumbbells,Fitness Equipment
89,tLZtKZbclC yAvSn,Amazfit,16.57,USD,Dumbbells,Fitness Equipment
90,fmyptqJXAH LBgqC,Columbia,10.98,EUR,Resistance Bands,Fitness Equipment
91,lBKLjLIJJv hIdie,Puma,29.14,USD,Other,Hiking
92,wpQxqMFEez YmXZz,Samsung,35.38,EUR,Other,Soccer
93,jQddWbwDgg Luevh,SPRI,55.74,EUR,Other,Running
94,dfOlAYNyUp nwCyF,Hydro Flask,84.91,EUR,Other,Yoga
95,wiGdVzGgoD THduY,Marmot,89.72,USD,Other,Hiking
96,dcsrYIBoiY oBQpe,Columbia,82.04,USD,Other,Hiking
97,pHQWayLEEo bicRu,Garmin,76.53,USD,Other,Running
98,wYEpBIiXVm xRwwz,The North Face,30.39,USD,Other,Skiing & Snowboarding
99,GvBObGfzrk ayBxp,Bala,36.45,USD,Other,Baseball
100,vwRHvAZqmQ doHyo,Theragun,32.62,EUR,Other,Swimming
101,aJmtYZSxxo eTqPT,Hyperice,62.55,USD,Other,Tennis
102,JLdZkRzJRW UQLQe,Arc'teryx,36.75,USD,Other,Running
103,xoAtCQaPBV VcqdB,Mountain Hardwear,33.73,EUR,Other,Gym Training
104,oThUVopjxr zuIeb,Reebok,91.04,USD,Other,Golf
105,poeVdXyKWi JvzPD,Hydro Flask,76.15,EUR,Other,Swimming
106,izGaIdnsTH txUki,Fitbit,47.77,EUR,Other,Basketball
107,yUiIgQBIWZ nKugd,Fitbit,12.03,EUR,Other,Soccer
108,wAMpvyweOf GdKIM,Asics,13.71,USD,Other,Climbing
109,KTKbvvjLqD ihqjv,TriggerPoint,57.41,EUR,Other,Basketball
110,RGlkTlJIkl rDyHD,The North Face,22.68,USD,Other,Climbing
111,sHeNwrPjHu TYfhg,Brooks,93.29,EUR,Other,Golf
112,cJAQCWldWl erwSp,Polar,10.21,USD,Hiking Boots,Footwear
113,WvJFCLyvOE YORaX,Fitbit,58.07,USD,Resistance Bands,Fitness Equipment
114,suoanOIXnk QqNBp,CamelBak,99.01,USD,Other,Swimming
115,AmdKDYWorh cNFvG,New Balance,69.16,EUR,Other,Basketball
116,HpFjHWdjla BKgTZ,Hyperice,77.03,EUR,Other,Golf
117,DImeUXMqje teLGs,Hydro Flask,41.26,EUR,Other,Basketball
118,AQaiLsuQWW rNFoH,Polar,18.94,USD,Other,Camping
119,vUkuoFsIgp xgQvG,Garmin,23.3,USD,Other,Tennis
120,tcEYBrZINp AFSmV,The North Face,70.46,EUR,Other,Camping
121,OCZVQCLNTx fSqXX,Polar,86.79,USD,Sports Bras,Apparel
122,cFofRhAgyc gRJCf,Theragun,83.68,EUR,Foam Rollers,Fitness Equipment
123,YleQFlCNYW STnvN,Spartans,45.85,USD,Other,Gym Training
124,lFdJqRMVFZ zdCcg,Nike,16.31,USD,Other,American Football
125,JHsgKDBUkE gGbNg,Garmin,91.56,USD,Other,Basketball
126,NqfmPNFhpE SFAVi,The North Face,18.58,EUR,Medicine Balls,Fitness Equipment
127,zJsWHhtUvx PKJJx,Hydro Flask,84.06,USD,Other,Climbing
128,ptSIDMnFYi jyEbj,Hyperice,13.37,USD,Other,Soccer
129,QkEQgCBNeu HuNNA,Apple,99.54,EUR,Other,Running
130,rjkgKurQnr xbeSs,Samsung,34.38,EUR,Other,Basketball
131,fnWvnTvCCj WCHIY,Puma,33.26,EUR,Other,Golf
132,QKTiBIYODL YqKMw,MSR,63.49,EUR,Other,American Football
133,sgFWKGZTuu EdgTD,Sea to Summit,87.38,USD,Other,Climbing
134,wxoEMxKSDj BOOYs,Under Armour,96.41,USD,Other,Swimming
135,cZXQLNoLkh HvdWd,CamelBak,57.26,USD,Hiking Boots,Footwear
136,nouvYltUvq CfKDV,Nathan,43.99,EUR,Running Shoes,Footwear
137,yiQwdrREFI OGWDb,Hyperice,95.45,USD,Other,Running
138,oyNFxscUtm WBqZP,Theragun,33.29,EUR,Other,Soccer
139,RRHBgZEIEl UVoEM,Arc'teryx,79.49,USD,Other,American Football
140,GWxXcdknLu oVArd,Gregory,69.26,USD,Towels,Accessories
141,NfNBRhRxAG anZsc,Marmot,65.59,EUR,Other,Tennis
142,eMvOkDMbyl SNCxZ,Nike,40.64,USD,Other,Running
143,hKBDinhaSU PsQma,Marmot,72.89,EUR,Hiking Boots,Footwear
144,HHsRypjKwB pDLLN,Nike,73.81,USD,Other,Yoga
145,FczFDsfTGs dmgiz,Puma,29.25,EUR,Other,Baseball
146,LromQtYbUz NRCTZ,CamelBak,33.67,EUR,Other,Hiking
147,MNYqKRMLsv PvrnD,Patagonia,43.26,EUR,Medicine Balls,Fitness Equipment
148,pZDBikwgTi DdmGa,Columbia,65.86,EUR,Other,Cycling
149,hXojLazNNx MBuju,Under Armour,68.25,EUR,Other,Climbing
150,NHFhnKAUjZ INgux,Kelty,17.09,EUR,Sports Bras,Apparel
151,fXlnfwzhDP IMUPr,Apple,97.62,USD,Other,Yoga
152,JXbUVizEIz omlaI,Nathan,93.08,EUR,Other,Yoga
153,UheiMvchTR qtQEZ,Suunto,78.7,EUR,Walking Shoes,Footwear
154,QjnvtVUSrs kBfPA,Apple,82.63,USD,Resistance Bands,Fitness Equipment
155,SRxLKuMLDc PeYAK,Osprey,56.76,EUR,Other,Golf
156,rWiQiPzLTt kcgzj,Mountain Hardwear,55.9,USD,Other,Baseball
157,lXLAKcSiAy LpizH,Bala,40.91,EUR,Hiking Boots,Footwear
158,MMJHArqPUP QTxPr,Columbia,49.3,USD,Other,Baseball
159,KMBvUQuDtW ZaOaS,New Balance,91.53,USD,Other,Soccer
160,KjQZgjcnVw aurWH,Kelty,67.43,USD,Other,Soccer
161,IBumsghkvJ lvHsc,Gregory,79.69,EUR,Hiking Boots,Footwear
162,puzZpZtSHp JSvwS,Nike,45.21,USD,Other,Running
163,apDRIUzLKV kyyqr,Kelty,30.11,USD,Other,Baseball
164,RiQVcnAGAh ZIWLA,Osprey,15.57,USD,Other,Soccer
165,gdhKZhzvCm QurDN,TriggerPoint,37.16,USD,Other,Basketball
166,sIoqWLLKbn XYEKr,Polar,22.85,EUR,Other,Hiking
167,tvqpamMVMA QlXQX,Sea to Summit,37.6,EUR,Other,Soccer
168,hjMJIRvljM PmDip,Columbia,34.34,EUR,Other,Camping
169,CRHLoffoKu nLDoQ,Sea to Summit,44.21,USD,T-Shirts,Apparel
170,vhIOBqaytW ecdXS,Asics,28.83,USD,Other,Tennis
171,DSWSODAOAR TRBnR,Theragun,46.15,USD,Jackets,Apparel
172,FkgkueTDnu nLLxP,Sea to Summit,99.87,USD,Other,Running
173,RonqeuZbLY avMqX,Samsung,59.88,USD,Other,Gym Training
174,TyDPUdKTux xbzuh,Polar,91.76,EUR,Other,Basketball
175,kGWyseIOVe DHMqp,Black Diamond,34.24,EUR,Other,Climbing
176,PBULljEhEJ RSGfw,Hydro Flask,40.6,EUR,Other,Golf
177,KyzWkZboFx BAfbN,TriggerPoint,94.13,USD,Heart Rate Monitors,Accessories
178,UzoZhRzSVQ iFwqj,Adidas,54.74,USD,Sandals,Footwear
179,fkdkDGrAwv hHCSU,Spartans,17.23,EUR,Other,Skiing & Snowboarding
180,wAwzumBmJH uChfS,SPRI,72.75,EUR,Other,Cycling
181,CRjqUErEwC KYQoQ,CamelBak,69.91,EUR,Other,Cycling
182,zUskmsmgKS xBTOb,Reebok,14.14,EUR,Sandals,Footwear
183,TCPPcrYwDw rbUDA,Hyperice,92.29,USD,Other,Basketball
184,ZpUdAbwsdj abqMx,New Balance,66.88,EUR,Other,Soccer
185,MljyyKUJxf gtGnB,New Balance,52.83,EUR,Yoga Mats,Fitness Equipment
186,DIShmeUgvt AWRlH,Arc'teryx,68.08,EUR,Other,Soccer
187,hFLqmfmilo xTAfw,Columbia,84.51,EUR,T-Shirts,Apparel
188,glhzPWfUmx YwJHY,Hydro Flask,10.91,EUR,Other,Yoga
189,sjfWwGVEST ivNRZ,The North Face,69.79,EUR,Walking Shoes,Footwear
190,ErgtBgHqQm XocGq,Arc'teryx,68.22,USD,Other,Cycling
191,HiRSAowkoo qdYTB,Under Armour,86.04,EUR,Other,Climbing
192,DtWqLKZlzm gRVMj,Asics,79.05,EUR,Other,Baseball
193,MQCVCASfTq cOSUh,Theragun,47.71,USD,Other,Skiing & Snowboarding
194,LCJgdiDimb lMRzL,SPRI,96.99,EUR,Other,Baseball
195,yXfHAkbbJy TYbiu,Apple,66.61,EUR,Other,Swimming
196,oDMwbcTdMQ tzhzY,Bala,83.04,EUR,Other,Basketball
197,twIoqZGKyA QRHVE,Nathan,100.0,EUR,Other,Hiking
198,EpJAGqAyds wKbVw,TriggerPoint,47.41,EUR,Other,Swimming
199,XSMJHqweXZ twbgT,Patagonia,57.44,USD,Other,Hiking
200,HppUuKzIyp jdGpN,Amazfit,24.25,USD,Other,American Football
201,BFHFOtQnjp wwMtB,Columbia,78.27,EUR,Other,Camping
202,ARtTVElKdK qvKAg,Patagonia,76.83,EUR,Other,Skiing & Snowboarding
203,FNoToDHJnb HnBQy,Nike,46.27,EUR,Other,American Football
204,TWdIjxhYDP VwLez,Fitbit,59.45,EUR,Other,Cycling
205,YOHZvSRqBt wWZKh,CamelBak,64.13,EUR,Other,Gym Training
206,xTEcKtFetZ Hegfu,Gregory,54.56,USD,Other,Swimming
207,QMdGRtQdoJ fDRdn,Hydro Flask,37.03,USD,Towels,Accessories
208,AhiBEtliWQ QJWeS,Brooks,93.62,USD,Other,Cycling
209,OAXTFHfRvf vtnEC,Kelty,36.8,EUR,Other,Skiing & Snowboarding
210,ISddSiWblb lFrqi,CamelBak,45.07,USD,Other,Soccer
211,MIfHnkxdso hAsSI,Nathan,83.89,EUR,Other,Running
212,SzfwCHleLj fntJV,TriggerPoint,92.79,EUR,Other,Climbing
213,ZCNYAGigrQ MBKLh,Polar,63.52,USD,Other,Swimming
214,JoSZtwnQDG GfjnP,Nathan,28.24,EUR,Other,Cycling
215,teSFSNDdpZ FVtHH,Columbia,91.32,EUR,Other,Cycling
216,MEBiMjwoiD DrCiU,Hydro Flask,14.57,USD,Other,Skiing & Snowboarding
217,NLaKqOdcZc vClhE,Mountain Hardwear,86.64,EUR,Other,Golf
218,AtIbcwMEFg FKcue,Sea to Summit,16.03,EUR,Leggings,Apparel
219,oVjMikWKHZ HbznT,Nathan,39.15,EUR,Other,Golf
220,RtMzozuAaC rBhHR,The North Face,24.74,EUR,Other,American Football
221,PMsFSMluph SScLz,Hyperice,13.03,USD,Other,Skiing & Snowboarding
222,qyZPsJWSkq dDXWY,SPRI,34.83,EUR,Other,Running
223,DTdNEZBEub QexOR,Nike,94.59,USD,Other,Hiking
224,wDXIrNcGfs EwzcX,Brooks,79.46,EUR,Other,Swimming
225,gWAMcqaIEX psPRH,Columbia,28.16,EUR,Other,American Football
226,wIZnOhekVH SurVP,Amazfit,97.2,EUR,Other,Camping
227,PxncChetgG yQENW,MSR,81.04,EUR,Jackets,Apparel
228,tNWwvMmWFv tHbEp,Puma,95.84,USD,Other,Skiing & Snowboarding
229,vFFfzlcYjI AzyHg,CamelBak,63.94,USD,Heart Rate Monitors,Accessories
230,uXcuqJZrbp fDWyg,Spartans,61.19,USD,Other,Soccer
231,qAgTmvKZZF xBcxr,Columbia,32.28,USD,Jackets,Apparel
232,AJKIkFUptB emhrB,Garmin,89.61,USD,Other,Soccer
233,CjzNWUxzpF grEYz,Spartans,96.1,USD,Other,Soccer
234,cPCGJXEkuK UTpnf,Marmot,94.61,USD,Other,Hiking
235,KdDGNhPCPI pOwIO,Hyperice,99.28,EUR,Other,Gym Training
236,EiHzyImUdU ibOpb,Sea to Summit,90.35,USD,Other,Swimming
237,UsfKiogpwn kfBjl,SPRI,78.71,USD,Other,Golf
238,OrdYFHMjaK afjWK,SPRI,66.69,EUR,Other,Soccer
239,iDLqsThSnW EPBTI,Nike,84.02,USD,Other,Running
240,guYrSOWrAT GJfCB,Black Diamond,74.33,EUR,Other,Tennis
241,BxobxgXRBa dhMMw,Suunto,69.5,USD,Other,Climbing
242,YrLUYYcRce LrTip,Under Armour,28.64,EUR,Other,Camping
243,dUYlcXdrcD uZoIs,The North Face,41.49,EUR,Yoga Mats,Fitness Equipment
244,qohJFHpNwC sPktA,Asics,40.58,USD,Other,Running
245,KRvxOZsLUl RsRCq,Adidas,82.73,EUR,Medicine Balls,Fitness Equipment
246,amfhPVebhV lxieY,Adidas,50.99,USD,Other,Climbing
247,vWhyHnjKrj paKrK,Reebok,87.17,USD,Other,Running
248,iQFVLLntOM YnxnL,MSR,82.15,EUR,Other,Gym Training
249,ADexzkRLNQ KlMIq,SPRI,21.6,EUR,Other,Skiing & Snowboarding
250,RsDuiLVqdb Ncldz,Marmot,29.17,USD,Other,Skiing & Snowboarding
251,bTveqSIIWq NGGOl,MSR,70.83,USD,Other,Climbing
252,IfSYIQClkD GJJCx,Fitbit,91.24,USD,Other,Camping
253,SuOqpLtYCB pIJGN,The North Face,18.13,USD,Sandals,Footwear
254,xcBPzfeZnz stwtR,Mountain Hardwear,50.74,USD,Other,Yoga
255,MBqkosUhYS umqjA,Arc'teryx,69.82,EUR,Other,Gym Training
256,SHtRMBecYs LHIyo,Reebok,90.46,EUR,Heart Rate Monitors,Accessories
257,PIAoAuZDsP wDamA,SPRI,62.13,EUR,Other,Hiking
258,iarmpDvmRZ hgeTK,Sea to Summit,94.98,USD,Other,Soccer
259,CpvXqxnjgD MliOr,Asics,48.98,EUR,Other,American Football
260,WSHqCwXSuW dYdPU,Garmin,12.48,USD,Towels,Accessories
261,ZxmmggubjH dyXbZ,Saucony,71.26,USD,Other,Hiking
262,zfHucoqVJg tQAxB,Brooks,81.27,EUR,Other,Basketball
263,bfOwEXwyAR pDrqt,Osprey,88.6,EUR,Other,Golf
264,eVYSaCOmmN oJYwg,Under Armour,39.77,USD,Heart Rate Monitors,Accessories
265,nmHJdYdZij bSnKB,Hydro Flask,65.14,USD,Other,Baseball
266,HVDObSmbis YHqEo,Black Diamond,35.97,EUR,Other,Running
267,kYdDZYycJA GSrlo,TriggerPoint,99.04,USD,Other,Camping
268,pSyzaUbatM MmfGn,Apple,37.99,USD,Other,Running
269,rwLMWvpyPa bFrsB,Hyperice,25.1,EUR,Water Bottles,Accessories
270,NDLzHQEMNf VUuQe,Osprey,63.0,USD,Dumbbells,Fitness Equipment
271,mGLAtCPbak atOez,Patagonia,97.59,USD,Other,Gym Training
272,WmiBFAtSQr LkfOj,Patagonia,49.81,USD,Other,Climbing
273,TDKomJPLYi YvKFy,Sea to Summit,45.76,USD,Other,Baseball
274,HxkDDlwxGc CWcEO,Columbia,38.78,USD,Other,Golf
275,WmzSHJHvjg rLglq,New Balance,43.5,USD,Other,Gym Training
276,BysrwsMGkW qBRyo,Apple,97.83,EUR,Other,Climbing
277,WLOpyyizdy XUZRE,Patagonia,56.08,USD,Yoga Mats,Fitness Equipment
278,wwjHVkEzPp MhwkG,Osprey,98.2,EUR,Other,Running
279,XeIuIXgrGK eQYJK,New Balance,39.86,EUR,Medicine Balls,Fitness Equipment
280,QPmnMsoOsp qmMJX,Puma,53.66,USD,Jackets,Apparel
281,AfggdWRCbz cHsjl,Nike,16.34,EUR,Yoga Mats,Fitness Equipment
282,PdwRYKwpSZ bJYEx,Garmin,81.76,USD,Other,Running
283,ocMkzgmDFU yOYoQ,Suunto,28.94,USD,Foam Rollers,Fitness Equipment
284,tJKEiRQGPn FWPvs,Apple,19.19,USD,Other,Camping
285,OwBjPzSpZX VWVTv,Adidas,22.5,EUR,Jackets,Apparel
286,RczuJNntUk iligw,Amazfit,52.25,EUR,Leggings,Apparel
287,mfCeKZrBOW lVyyc,Asics,24.05,USD,Running Shoes,Footwear
288,AbovZLGvJE cPeWf,Patagonia,90.25,EUR,Other,Golf
289,zHthduOOHF YRVnN,Garmin,67.31,USD,Other,Baseball
290,hYqKFpQgMS ymaaI,Samsung,67.09,EUR,Other,Gym Training
291,yojaiGoUUU KIfXq,Reebok,86.6,USD,Other,Hiking
292,YTBeEYWrmj xQFtb,Bala,58.27,EUR,Other,Climbing
293,cSREVNiDcR vOrYL,Marmot,88.3,EUR,Other,Running
294,tafllVnIiB ncSBK,New Balance,80.87,USD,Other,Cycling
295,kCiWGdrTIl sXrPY,Garmin,39.3,EUR,Other,Hiking
296,iKgqMsGxPW ZUsOt,Asics,99.69,USD,Other,Golf
297,TkpqOTOdRi XhJgY,Reebok,91.23,USD,Other,American Football
298,HtoAAKAPRW zYWWb,Osprey,50.69,EUR,Other,Gym Training
299,HNXCMbKYMR DyBgZ,MSR,70.58,USD,Other,Basketball
300,mCRRLwPnZr QvSnj,Patagonia,36.09,USD,Dumbbells,Fitness Equipment
301,xnbZffsHyu Hrydq,Adidas,93.97,EUR,Leggings,Apparel
302,NcXrsLgxIS xyYUV,Fitbit,73.46,EUR,Other,Camping
303,xSysqhPycb Tfxgf,New Balance,66.04,EUR,Other,Climbing
304,fhkqvTKwLY VydIK,Osprey,86.64,USD,Other,Hiking
305,BgjhrLmCgw gPILH,TriggerPoint,28.74,USD,Watches,Accessories
306,WKdlFNQyGd MIrDm,Garmin,66.36,EUR,Other,Tennis
307,SFZSJpATVJ XqvYz,Patagonia,95.11,EUR,Hiking Boots,Footwear
308,IOIfmLGcpV wrXQU,Osprey,88.78,USD,Other,Basketball
309,MQAYvEbsmR ZlxVZ,Apple,47.22,EUR,Other,Basketball
310,BpHWwUQUsW ODQyi,Arc'teryx,84.37,USD,Other,Basketball
311,zedrpnhssL hdaYj,SPRI,49.77,EUR,Yoga Mats,Fitness Equipment
312,kwZVLuqgqD svJhm,Theragun,21.31,USD,Other,Basketball
313,naTmFcoUYx lSnwP,CamelBak,47.46,EUR,Other,Skiing & Snowboarding
314,ttKuWWLHzw fpVBT,Osprey,38.66,EUR,Other,Running
315,QTpqEWdZHu RycgS,Osprey,22.82,EUR,Jackets,Apparel
316,dwVQlrYxfJ qDOeQ,Bala,37.81,EUR,Other,Baseball
317,PJcOxZLkZu sTCJo,Garmin,74.6,EUR,Other,Swimming
318,xvTQQsVXnT iIWWJ,Suunto,18.0,EUR,T-Shirts,Apparel
319,colHQMWCHD CvFge,TriggerPoint,18.1,USD,Resistance Bands,Fitness Equipment
320,AVTjuWagCD PvQth,Under Armour,39.84,EUR,Other,Climbing
321,qUDZFwhwMY AfWYR,SPRI,71.98,EUR,Yoga Mats,Fitness Equipment
322,MLchfqwiMi WsJSa,Under Armour,61.71,USD,Other,Climbing
323,CVlPmShmQE GeqHn,Saucony,94.79,USD,Other,Cycling
324,WXRDGDFSJk QPdyd,Nike,86.81,USD,Other,Running
325,BIxhlWRSWk wAhhG,Polar,73.78,USD,Other,Running
326,WdgTEDeLkG wMlJv,Reebok,72.0,USD,Other,Hiking
327,AfOwHjVhjs AZrJq,Gregory,51.51,USD,Other,Climbing
328,jdsBfFVbAn iaZsN,Under Armour,76.33,EUR,Other,Climbing
329,RTHTcDCzEE LXEcy,Black Diamond,92.51,EUR,T-Shirts,Apparel
330,EAgxKrpGJv CDmOw,Theragun,91.35,USD,Medicine Balls,Fitness Equipment
331,JRxUrXQMvZ CfBgA,CamelBak,44.62,USD,Other,Basketball
332,ETKJVxeUtL UUgLN,Arc'teryx,12.38,USD,Other,Golf
333,SAGpSlXeYs ZZXen,Amazfit,75.18,USD,Foam Rollers,Fitness Equipment
334,yvMAUzytUx oTYgt,Hyperice,91.32,USD,Other,Gym Training
335,kQCbbWbZQp CMICp,New Balance,61.55,EUR,Other,Hiking
336,nbOAnhotsN bLGbU,MSR,28.59,EUR,Hiking Boots,Footwear
337,DIedUJIlnc ysVXF,Gregory,97.47,EUR,Other,Hiking
338,lmGYOziuOo RPXcZ,Kelty,75.64,USD,Other,American Football
339,tnqCOKHxdi eZghF,Bala,99.83,USD,Heart Rate Monitors,Accessories
340,xfbsCwohJB YkrKs,Adidas,89.51,USD,Slippers,Footwear
341,ewKOGMImUc lzUfH,Asics,97.58,USD,Other,Tennis
342,zCPemGcWrF oGPaU,Samsung,31.35,USD,Other,Gym Training
343,GuffHAMeFe HuMJz,Marmot,50.78,USD,Leggings,Apparel
344,FypkoXrUPX oraQn,SPRI,30.0,EUR,Hiking Boots,Footwear
345,nyAmMBiLUm BeiIK,Patagonia,57.51,USD,Other,Hiking
346,BZdfWWJuso VOhUy,Apple,45.42,EUR,Other,Camping
347,DGphTgXfvh LUAMU,The North Face,42.82,EUR,Other,Yoga
348,ENZcMdwyar Prfuc,Asics,28.67,EUR,Other,Baseball
349,RGLYEmNObd RaZFH,Saucony,78.71,EUR,Running Shoes,Footwear
350,lQecqeBeSC FRhgj,Bala,18.31,USD,Other,American Football
351,nJdZJKygcW FzipQ,Brooks,48.95,USD,Other,Soccer
352,GinvxmWtWU fgzWS,Brooks,82.46,USD,Other,Soccer
353,hUZBTAFegJ CPHdj,Saucony,73.49,USD,Leggings,Apparel
354,NIiwPWGlNy xcxzH,Nike,65.03,USD,Other,Swimming
355,jbqNevBQXl ZoRJU,Apple,61.3,USD,Resistance Bands,Fitness Equipment
356,JRgyvqEKGF wqyNk,Saucony,23.1,USD,Other,Soccer
357,LLWEZWOjtw IiKdi,Mountain Hardwear,59.03,USD,Other,Climbing
358,SDESuupHwn KrKbM,Nike,28.01,USD,Other,Soccer
359,InTNBhyaaR VnJsx,MSR,78.87,USD,Foam Rollers,Fitness Equipment
360,FkhZZVDwBE DFBHE,New Balance,95.59,USD,Other,Soccer
361,hRFvGCSEWb iROPk,Puma,59.96,USD,Other,Golf
362,bhyGrJdLPg ObOMi,Suunto,84.94,USD,Other,Camping
363,nymYChSPaq DlcJg,Hyperice,14.78,EUR,Other,Skiing & Snowboarding
364,DNIaqVSOMP zGKUE,Amazfit,80.27,USD,Other,Swimming
365,IPmKtLVqMt yCIqU,Fitbit,71.86,EUR,Other,Running
366,hYzAbEqqVq NEHZC,Theragun,33.81,EUR,Other,Cycling
367,bArEWKThDU NKssm,Bala,21.68,USD,Other,Camping
368,muZRvPOEpc oqDkz,Garmin,18.22,USD,Other,Yoga
369,ltbGiKqmVg AdDzm,Columbia,28.49,EUR,Other,Climbing
370,KaLzmgviUV BAeot,Sea to Summit,79.53,USD,Other,Hiking
371,EaFrPUJXSz AMqvi,Samsung,94.5,USD,Water Bottles,Accessories
372,BQgweCBgMS rfWLd,TriggerPoint,50.47,USD,Other,Yoga
373,GDmhtoMdCw qhyBu,Saucony,61.97,USD,Heart Rate Monitors,Accessories
374,kDQGjsUqQm OoEYQ,Sea to Summit,52.34,EUR,Other,Basketball
375,jzJnYGiwdY CxMrv,Garmin,17.0,USD,Other,Climbing
376,NQSpqAKNQO CkWOW,Under Armour,89.43,USD,Other,Gym Training
377,mjtHAcwvTn qZLZS,Marmot,13.08,USD,Other,Skiing & Snowboarding
378,hSdVdiUZvq jpFLv,Bala,44.96,USD,Other,Basketball
379,KWbdxiVzhu VHNwl,Osprey,53.7,USD,Other,Basketball
380,mbbfrYtqTD TLLXc,Reebok,68.47,EUR,Leggings,Apparel
381,HoUCAStysM CCemh,Kelty,47.78,EUR,Other,Yoga
382,uiOrjMeyMg RYDIG,Black Diamond,97.07,USD,Other,Basketball
383,GXLkiMrajP ZqMyp,Gregory,28.07,EUR,Other,American Football
384,YynAZDZHCX penAg,Osprey,89.75,EUR,Other,Yoga
385,dEXEIOJclT YFvRm,Garmin,76.65,USD,Other,Yoga
386,qxPbxtfznn GHGAq,Hydro Flask,57.27,EUR,Resistance Bands,Fitness Equipment
387,HmEigzPOIe DENBv,Marmot,87.37,USD,Running Shoes,Footwear
388,jDmSqfXUcq Xxlqx,Reebok,93.51,USD,Other,Gym Training
389,CfjetxspUU pLnhZ,Adidas,51.17,USD,Watches,Accessories
390,SNcxYhVkgT JMuaS,Saucony,63.66,USD,Other,Hiking
391,zrReLyTixo UXauH,Black Diamond,46.6,USD,Other,Baseball
392,cRkhwDIhUd gJQNI,Sea to Summit,42.16,EUR,Other,Hiking
393,cTvJMIWbEe qphfI,TriggerPoint,88.25,USD,Other,Swimming
394,FLAMDWuGPC WCYuL,Brooks,19.77,EUR,Other,Gym Training
395,LGGKVqQbhW koOHx,Osprey,68.91,USD,Other,Gym Training
396,UuLEGneZqz GIvip,MSR,97.42,USD,Other,Yoga
397,WsjflusOKH BpxEg,Hydro Flask,50.77,USD,Resistance Bands,Fitness Equipment
398,suxKxDRjqB QXivQ,Nathan,58.42,EUR,Other,Hiking
399,mmGVYQXFDc GqPNH,Arc'teryx,50.48,EUR,Other,Camping
400,QpzRFMgXtr yZqCG,Suunto,90.0,USD,Other,Climbing
401,cqohGhHrVV YuewG,Patagonia,90.07,EUR,Other,Basketball
402,zcUxBBJhpb uGGqI,Gregory,80.02,USD,Medicine Balls,Fitness Equipment
403,RuIqRbCHRn uGxJj,TriggerPoint,12.12,EUR,Other,Golf
404,gEdQTxDtTf InhuU,Suunto,14.79,EUR,Other,Cycling
405,IhAiFwPMfM UWUrH,Spartans,11.29,EUR,Other,Yoga
406,bLWcrlGkUj czEDh,Patagonia,42.13,USD,Slippers,Footwear
407,QbgovQwniD dkBTH,Under Armour,66.32,USD,Other,Basketball
408,guZKTDkgbM NdUOo,Adidas,54.09,USD,Gym Bags,Accessories
409,TzQQFcnwWX xgMPn,TriggerPoint,61.62,USD,Other,Yoga
410,mCqApFWOaD svEhM,Hyperice,25.16,EUR,Other,Soccer
411,DHYsSfQyqM FrAwS,TriggerPoint,74.52,EUR,Other,Yoga
412,UDZQwfXJIa mccqR,Bala,37.82,EUR,Other,Climbing
413,AhJMnirRnt jcqxL,Puma,66.9,EUR,Other,Gym Training
414,qCTuTHOpbN MoWHY,Arc'teryx,12.09,USD,Other,Hiking
415,TPAPuqQqaz MPYuQ,Black Diamond,52.58,EUR,Other,Soccer
416,cGSoqDkhQq SCnji,New Balance,72.28,USD,Other,Yoga
417,gWwXnRwkTP JIGwI,Brooks,33.53,EUR,Other,Climbing
418,XFkFPLhFJp SCXZZ,Spartans,42.77,EUR,Other,Golf
419,ISEgDIlPYX lCXmC,The North Face,86.53,EUR,Other,Cycling
420,owOfuacPKY svyct,MSR,59.7,EUR,Other,American Football
421,VwZGsynlAu VkEzr,Adidas,72.36,USD,Sandals,Footwear
422,VrDaIVXxSt cKtjf,CamelBak,43.91,EUR,Hiking Boots,Footwear
423,XrkomKZBKH qmMzk,Osprey,20.22,USD,Yoga Mats,Fitness Equipment
424,aBvmWIkrdm ddOyP,Suunto,82.12,EUR,Other,Golf
425,YZWrhBjwYx QIzGh,Kelty,81.69,USD,Other,American Football
426,SlPVpFJWjS soyZA,Black Diamond,84.07,USD,Other,Baseball
427,UkUhnhgGGT XNKUz,Saucony,18.25,USD,Other,Basketball
428,EJOwOVtQNX HjOvB,Reebok,42.62,EUR,Other,American Football
429,nNHmlNeiVO oFpTw,Nike,74.56,USD,Other,Skiing & Snowboarding
430,QAlpbGaAhw inrKj,Sea to Summit,35.42,EUR,Other,Baseball
431,iThAbiiZtE hExPm,Spartans,89.27,EUR,Other,Tennis
432,lNZZhdrRwZ AofRH,Kelty,59.42,EUR,Other,Climbing
433,BPqDmZOkIP Dbiqg,Nathan,55.7,USD,Other,Cycling
434,mmSJnRIzMi FxTRo,Marmot,52.28,USD,Other,Golf
435,BoIMmPpThW qqpCD,Saucony,83.2,USD,Other,Baseball
436,ALzpQhyVRZ CvWsL,Asics,26.19,EUR,Other,Golf
437,HYrqMSKmuW KjLFq,Osprey,31.68,USD,Yoga Mats,Fitness Equipment
438,wJXgZCJaSl nejAC,Saucony,89.78,EUR,Other,Climbing
439,wkTtxenLHI xngVu,Puma,25.72,USD,Yoga Mats,Fitness Equipment
440,wttfLFLFKt iWDEO,Spartans,80.18,EUR,Other,Golf
441,YpGvkFPMxX mJgVQ,Brooks,76.57,USD,Other,Gym Training
442,UOCHqWFZfe AbwHc,Marmot,35.31,USD,Other,Running
443,fpRyWhMtUn dApjG,Columbia,10.39,EUR,Other,Hiking
444,dEMcChaUUw gSJNd,Spartans,49.34,EUR,Other,Gym Training
445,KaboaWEphi gmjRr,MSR,79.95,USD,Other,Yoga
446,OBeQQlhjnW AhnpH,New Balance,26.21,EUR,Other,Swimming
447,HkyRUUnPVr EjZVt,Marmot,16.04,USD,Resistance Bands,Fitness Equipment
448,YhJyfPznAp ddfDS,Puma,99.95,EUR,Other,Camping
449,xkRsVyIrTA SvGNe,Amazfit,46.8,USD,Other,Skiing & Snowboarding
450,EVXpwuwuPk fsYyT,Nike,28.0,USD,Other,Hiking
451,gRebNqGkdY uTlnN,CamelBak,60.14,USD,Other,Camping
452,wHzdDAUtSQ GseKr,Adidas,89.44,EUR,Other,Hiking
453,AYZgqqXOQw Kdlws,Spartans,33.33,USD,Other,Basketball
454,bUhJUHcmwJ eHoPN,Under Armour,87.67,EUR,Other,American Football
455,wQdoCPkCDg wwvaw,Hydro Flask,25.04,USD,Other,Golf
456,JaKOeffZIH zPTMj,Asics,12.18,USD,Other,Baseball
457,UgwcGUcBvy tZmHU,Hyperice,48.91,EUR,Other,Camping
458,KDpLaedRkd yOQBQ,Mountain Hardwear,69.29,EUR,Other,Cycling
459,ScGDRjbIIt CENmt,Columbia,76.11,USD,Other,Running
460,HppnRgtJIH lwnAO,Hyperice,41.29,USD,Dumbbells,Fitness Equipment
461,KpjeddqWpc oTjQG,Saucony,97.02,EUR,Other,Gym Training
462,utRJqyGuYT jYIHO,Brooks,29.09,EUR,Walking Shoes,Footwear
463,PmEenlOuaK nmJFR,Hydro Flask,25.7,USD,Jackets,Apparel
464,mTOhswWslw KmIrT,Theragun,62.62,USD,Other,Baseball
465,CFfAaUVPbQ jJnBL,SPRI,47.41,USD,Other,Tennis
466,fPlgFEvwIB sqcrW,Under Armour,19.67,USD,Other,Cycling
467,RKLuMohkyw mwunA,Puma,73.6,USD,Other,Swimming
468,vUxLoxtpuq rxYJb,Spartans,99.14,EUR,Other,Basketball
469,rwSvmRHgvR HDOtU,Reebok,92.46,EUR,Other,Yoga
470,JujNMChBXR vwNCE,Hydro Flask,24.49,USD,Other,Swimming
471,vzLWkNTKay KxSUj,Patagonia,92.69,USD,Other,American Football
472,ZEdngXStQS aNnrX,Puma,82.99,EUR,Other,Cycling
473,xXxGXpaLPx ROZFo,CamelBak,19.19,EUR,Other,American Football
474,wAvvqEFntw CJNjd,Kelty,76.65,USD,Other,Tennis
475,glKVnrHaIB nXBcf,Polar,24.57,USD,Hiking Boots,Footwear
476,XIuDRGIVdO vzfTG,Adidas,56.9,EUR,Other,Hiking
477,SOGuErwmMA LCtnJ,SPRI,40.53,EUR,Leggings,Apparel
478,apEVedsBXo flZil,Sea to Summit,79.49,USD,Other,Cycling
479,LXbhDzFaPm gzupf,Garmin,76.18,EUR,Other,Gym Training
480,DEYQFOTtGw jUPWT,Polar,82.87,EUR,Resistance Bands,Fitness Equipment
481,IFKtqGZQlr atBbu,Nathan,70.61,USD,Other,Camping
482,JRvKnrAugP WeyQA,Saucony,97.02,EUR,Other,Tennis
483,lSpgsXcHTA guPvx,Hydro Flask,72.95,USD,Other,Soccer
484,WRBoPfOvuC BHZTe,Amazfit,85.94,EUR,Other,Tennis
485,pYbfPziiuy KjjRr,Mountain Hardwear,27.15,EUR,Other,Tennis
486,IWybQRszXa YlpeK,Adidas,47.59,USD,Other,Running
487,ZbIlMPbGcR ZbiBf,Puma,95.63,EUR,Other,Yoga
488,EbrDmcQxZo SWfGT,MSR,80.14,EUR,Other,Camping
489,ljeVpVKELn HMBpX,Brooks,96.88,USD,Heart Rate Monitors,Accessories
490,SDQqrCsrrC yROxM,Sea to Summit,44.18,USD,Other,Yoga
491,TmkPkCLcjD LPJFE,Columbia,56.86,EUR,Watches,Accessories
492,ZbacKdFxBu qqGvL,Nike,31.32,USD,Other,Baseball
493,uciztrECxx LiWeo,Marmot,52.25,EUR,Other,Camping
494,UAJmCtyHiq doLTX,Bala,41.59,USD,Other,Tennis
495,nBKIVJnDCt CGDwB,Reebok,91.66,EUR,Other,Tennis
496,IcSAVmlJDA jnbnj,Reebok,15.02,EUR,Towels,Accessories
497,QbvUhocpbD yyBHz,TriggerPoint,40.57,USD,Sports Bras,Apparel
498,CWiqblvPar kXtmm,New Balance,74.17,USD,Other,Baseball
499,DiGJvCxUju AntSy,Hyperice,62.36,EUR,Other,Tennis
500,LRKQhKSbGu BAqiN,Nike,30.68,EUR,Other,American Football
501,YLEjwNhPnp fHWBN,Patagonia,98.32,USD,Other,Tennis
502,xVinCxxXpt yHZLs,Bala,58.82,EUR,Other,American Football
503,DQLtSvDwby HuwAO,Asics,86.68,USD,Other,Basketball
504,DqxQSWelGu WRlQb,Gregory,73.07,EUR,Other,Hiking
505,iaQNlQRMlM LuHgI,Fitbit,36.18,USD,Other,Camping
506,LasplPmnjO mnvHZ,MSR,55.6,USD,Walking Shoes,Footwear
507,FFBaIuSnTd RQoEa,Theragun,72.47,EUR,Gym Bags,Accessories
508,eWeZAnixGZ LbYjx,Arc'teryx,94.57,USD,Other,Skiing & Snowboarding
509,PEkKvgqIhT VpYVR,Spartans,88.63,USD,Other,Climbing
510,hsHTMsVjEC QzQuY,Polar,37.45,USD,Other,Skiing & Snowboarding
511,GXIikVcQlA EswbH,Asics,17.89,EUR,Other,Climbing
512,oQEuRLXtSI UXtsN,SPRI,95.82,USD,Other,Skiing & Snowboarding
513,Utcerjzghu aNogf,Saucony,49.9,USD,Other,Yoga
514,EyefclsWFR BihDl,Asics,10.42,USD,Other,Tennis
515,OlIBGGMcov uRqJr,SPRI,74.52,EUR,Other,Gym Training
516,xURpPQVtvs wzTko,New Balance,12.28,USD,Other,Swimming
517,DnMeTKIGbF UrEIl,Nathan,36.11,EUR,Other,Soccer
518,sDLbdsDqLZ CPAeH,Nathan,77.18,EUR,Other,Gym Training
519,VeeDJoTmIS dpWha,Reebok,46.66,USD,Other,Cycling
520,eEHbNuEfHW WaqAH,Under Armour,34.63,USD,Foam Rollers,Fitness Equipment
521,ohsSBzkXBl vLCDy,The North Face,72.34,EUR,Other,Cycling
522,CoiYaCALKV aXXNX,MSR,86.74,USD,Other,Soccer
523,JPrNnxXlYa CvbUj,The North Face,84.57,EUR,Other,Baseball
524,POWCaHbsWM KusZu,Asics,38.7,EUR,Other,Golf
525,cCRQrEEfdb wcJmB,Brooks,62.4,USD,Other,Golf
526,TDYQoKqnPA xlDYa,Nike,15.78,USD,Other,Camping
527,YigLaDQJoc ixPKt,Hyperice,44.02,USD,Other,Basketball
528,fOdDsDOtxa nSoQI,Marmot,76.73,USD,Other,Climbing
529,ZYGYNAqxHV yHqDI,Garmin,33.89,USD,Other,Swimming
530,vcBIEazkOD cMgvk,Puma,15.37,USD,Other,Baseball
531,TncaXFZHDR XFWQv,Brooks,75.77,USD,Yoga Mats,Fitness Equipment
532,YFKcldMukM xNIeq,Amazfit,81.39,EUR,Other,Camping
533,HrexEPbxCM Dqjup,Polar,19.97,USD,Other,Swimming
534,rDOAXGXduX uYDRV,Under Armour,83.04,EUR,Other,Baseball
535,wlEKXGuIOM qporC,MSR,31.68,USD,Other,Tennis
536,tmkMHFNXXZ UyyEB,Columbia,85.12,EUR,Other,Yoga
537,mbDQPMvVnb gzGdU,Spartans,15.31,EUR,Other,Golf
538,VIiizVXpLj XhuJF,MSR,24.11,USD,Walking Shoes,Footwear
539,xmxRNklvbi BKMeW,Apple,60.29,USD,Other,Skiing & Snowboarding
540,IAlVwRHVzA FQIKG,Suunto,74.49,USD,Other,Tennis
541,SnrscPUzkc NZdUb,Garmin,59.04,EUR,Other,Camping
542,FDULRFHfOD fYbql,Nike,78.91,USD,Other,Running
543,unzkAnoUSC GEHpH,Reebok,46.51,USD,Other,Gym Training
544,iZAYCxzMUe fdxub,CamelBak,74.39,USD,Other,Cycling
545,bihJfiRIER VbYeS,Columbia,26.15,USD,Other,Yoga
546,cehbrVfJgq WBLvw,Samsung,36.99,EUR,Other,Climbing
547,qTFLOqCMCl gNUHl,Suunto,17.25,EUR,Other,Hiking
548,IhCmONfkgo vLQKH,Puma,94.82,EUR,Other,Baseball
549,tcjSkmxFEA cUKPS,Puma,21.38,EUR,Walking Shoes,Footwear
550,QVtjQVKZrw rSyMg,Hyperice,65.27,EUR,Other,Skiing & Snowboarding
551,dgNhIqDfev KVxsx,Saucony,77.95,EUR,Water Bottles,Accessories
552,yHXrEhIFxt rCcOr,Samsung,60.22,USD,Other,Climbing
553,jiIUANIkfd qhElo,Hyperice,56.79,EUR,Other,American Football
554,qMnIDEdDRO oxvuh,Bala,97.45,USD,Other,Swimming
555,CKGfYwOCdX FkDlZ,CamelBak,28.77,USD,Other,Gym Training
556,DmAfJnBmfv PUQcQ,Theragun,86.27,USD,Other,Tennis
557,pjwBpzyFKu kKxtS,Brooks,82.79,EUR,Other,Running
558,fJHzCnqein dMjZn,Garmin,44.33,USD,Watches,Accessories
559,CykgyKnWhy xaRdu,Brooks,44.03,USD,Resistance Bands,Fitness Equipment
560,fdrpVhiazG cRwxI,Gregory,97.04,EUR,Other,Camping
561,XIpaFatIpU djDRk,Bala,17.79,USD,Slippers,Footwear
562,wVHvrzbUAK FZKEF,Polar,41.49,USD,Other,Yoga
563,TpRJgtxbXP NSjvw,Brooks,25.19,EUR,Water Bottles,Accessories
564,ScKXGPHPam vNafO,Marmot,42.38,EUR,Towels,Accessories
565,QezxnTbpjJ ElKDX,Nike,62.75,EUR,Other,Running
566,MNeYvzDpms rNolQ,TriggerPoint,14.77,EUR,Other,Baseball
567,pUkurMEcjI vUkvT,Brooks,75.32,EUR,Other,Basketball
568,KVFNFldHbw sWKDT,Hyperice,52.95,EUR,Other,Running
569,aTEMnkHnKl GaPEU,Gregory,16.46,EUR,Other,Soccer
570,tsqaSzUPyQ fsOHc,Bala,54.86,USD,Other,Soccer
571,CzBLWlWPgC Eapom,Reebok,55.89,EUR,Slippers,Footwear
572,xItkCACtWH kdiKX,TriggerPoint,12.23,USD,Other,Camping
573,MWcjboNluv ZchsK,Hydro Flask,67.88,USD,Gym Bags,Accessories
574,EoyxWBuUgi JVWRX,Kelty,21.08,EUR,Other,Basketball
575,rHXnCLKRgI UJXoC,Marmot,83.53,EUR,Other,Swimming
576,GVLOcoJlxy mHJMC,MSR,71.88,USD,Other,Yoga
577,rFQEPwZVTh RnUDC,Columbia,13.27,EUR,Other,Running
578,qLmkCIVWdQ PAMln,Spartans,82.9,USD,Other,Skiing & Snowboarding
579,EaoZCwtmdZ iHKci,Black Diamond,87.95,USD,Other,Skiing & Snowboarding
580,wnKjUuTXCf NSqVH,Theragun,57.45,USD,Other,Hiking
581,FNEycJNYHr DNGgi,Reebok,16.74,USD,Other,Cycling
582,UUCeEkqsTc kAlJC,Sea to Summit,84.63,USD,Other,Basketball
583,xRSuaMWRcn YHpzh,Arc'teryx,99.85,USD,Other,Skiing & Snowboarding
584,cpXOtrxnDP aJpAA,Bala,68.54,USD,Other,Basketball
585,DpgiofeedU lsJOp,Mountain Hardwear,78.77,EUR,Other,Tennis
586,WzDrIgSSls QLdtp,Arc'teryx,29.81,EUR,Running Shoes,Footwear
587,NZvWcjWwsK RgCmQ,Hydro Flask,56.15,USD,Other,Basketball
588,IgqrXJmgpw GvHie,Apple,78.43,USD,Other,Running
589,yqlKoPIVrt DZdpM,Nike,42.62,EUR,Other,Baseball
590,JzBGvHvuDD mbsfJ,Kelty,41.92,USD,Other,Skiing & Snowboarding
591,NUTTGaqQqS ydyeB,Reebok,69.04,EUR,Other,Yoga
592,orpTGQwexi UTfXD,Garmin,85.57,EUR,Other,Gym Training
593,VspraACjmW mVzMI,Marmot,13.15,EUR,Other,Yoga
594,RzljgyglqN bhBLX,New Balance,29.47,USD,Other,Baseball
595,ynuoCgSkeG hlLXQ,Marmot,17.65,USD,Other,Camping
596,BXlDGMuVBO LKdjW,The North Face,49.04,USD,Towels,Accessories
597,rIoYJpapKm ijDgT,Amazfit,95.38,USD,Other,American Football
598,fdvymmDFMP hXuHq,Osprey,60.2,USD,Other,Camping
599,ZrAfNpFzym VbPkZ,Hyperice,69.08,USD,Other,Running
600,LNEBpgySzZ jrFdg,Columbia,36.12,EUR,Other,Soccer
601,bUuefKnOpK ZCLSL,Adidas,45.49,USD,Other,Hiking
602,fKmVkCzsSA vPDZD,Under Armour,15.64,USD,Other,Baseball
603,eIbyWXjYWW yVvuk,Fitbit,36.16,EUR,Other,Cycling
604,PEDlsCYxVX WddMQ,Kelty,66.79,USD,Other,Gym Training
605,DkdpYYTMmq cSruE,Saucony,83.89,USD,Other,Hiking
606,vbLEMynXSM BMQTj,Amazfit,35.89,USD,Other,Hiking
607,gTssXNyDUM XeyYN,Arc'teryx,61.26,EUR,Other,Gym Training
608,AUvmoKGHTh nOgKI,Spartans,59.44,USD,Other,Yoga
609,FekVAgnjCg FrtOM,Suunto,89.73,USD,Other,Yoga
610,qhOJSxYkrw UfsPw,Adidas,93.5,EUR,Yoga Mats,Fitness Equipment
611,VEeIEUHBrr snPCL,TriggerPoint,78.97,USD,Other,Climbing
612,MKfuNvtiuY mkSfM,Under Armour,59.33,EUR,Gym Bags,Accessories
613,beRBPSXYhE tscbI,Reebok,54.05,EUR,Other,Running
614,LfCoRyDHPZ ZTJrc,TriggerPoint,85.42,EUR,Other,Basketball
615,lPcvikzpxJ yJCvh,Kelty,62.57,EUR,Other,Cycling
616,AIanclOSxE UDJoU,Black Diamond,58.33,EUR,Other,Tennis
617,ziKLAHYJqY gdSEf,Brooks,81.08,EUR,Other,Tennis
618,OrmPjrItuv BPoDd,Arc'teryx,70.95,EUR,Other,Skiing & Snowboarding
619,OFTzsNaECc yrmvh,Fitbit,67.83,USD,Other,Basketball
620,qHywTAcbow qkpia,Under Armour,71.14,EUR,Hiking Boots,Footwear
621,TssNdxAsRJ MMDzL,Osprey,39.63,EUR,Other,Swimming
622,ykskbbydHD GGbAj,CamelBak,79.06,USD,Other,Cycling
623,RIUgEdwpMH Nmurc,Amazfit,60.13,EUR,Other,Baseball
624,jLJXORIHnF cJrjO,CamelBak,37.2,USD,Other,Tennis
625,jscxgfCxkx UThTL,Theragun,15.27,EUR,Water Bottles,Accessories
626,VNLfhCdnNB SMhMx,Patagonia,63.61,EUR,Other,Climbing
627,QxRwrIydbY rcNwv,Black Diamond,48.85,USD,Other,Golf
628,FOvKsGTQjP wWhqH,Brooks,69.83,USD,Running Shoes,Footwear
629,DnuZXtHMjG WtKsn,Black Diamond,58.39,EUR,Other,Tennis
630,TBUojzZile JqPWy,TriggerPoint,90.62,USD,Other,Gym Training
631,NIqzAxsapj DgevH,Asics,53.99,EUR,Other,Hiking
632,yRrYEcMCDJ dfTHp,Black Diamond,25.79,EUR,Other,Tennis
633,LPyFXsYrdZ zdgjk,MSR,53.45,USD,Other,Basketball
634,NypOyLABCS hUSet,Polar,13.11,EUR,Other,Swimming
635,xAWLJVegsq ZGlHo,Garmin,61.76,USD,Dumbbells,Fitness Equipment
636,yajpdDQNcu fbexy,Amazfit,25.16,USD,T-Shirts,Apparel
637,ZlwrzsRuRH lEkjw,TriggerPoint,34.62,USD,Other,Yoga
638,bFQYnmYqNT RoFRB,Reebok,10.97,EUR,Other,Skiing & Snowboarding
639,MqHKOsRgpo SaZuw,Puma,84.04,EUR,Other,Baseball
640,XqaivxvqbV ZykUg,Spartans,63.49,EUR,Other,Golf
641,QzzTXgiBkJ SSsdo,SPRI,94.88,EUR,Other,Cycling
642,oNsAbleuMi dLdLu,Asics,62.96,USD,Other,Hiking
643,rVyNYNXlVO nFLHg,Mountain Hardwear,17.03,EUR,Other,Baseball
644,awKwsakLdw YaNHc,Apple,64.68,EUR,Other,Basketball
645,AwMcQwACbz ixEOo,Nike,96.15,USD,Watches,Accessories
646,mhbXVATLIB ktYsy,SPRI,99.49,EUR,Other,Golf
647,BzPaYYLNJg XammN,Brooks,56.07,EUR,Medicine Balls,Fitness Equipment
648,ixmmrldSRu rWRVE,Saucony,87.23,EUR,Other,Running
649,MLxhwZFIFX njlzV,Adidas,87.13,USD,Other,Soccer
650,gehXhAMGoP xbMxA,Apple,72.44,EUR,Other,Tennis
651,AwbHPucBtY IALOn,Apple,32.43,USD,Other,Camping
652,akzfnlGyEz IUvpf,Apple,62.99,EUR,Other,Hiking
653,irXCQLPLDU FxAfg,Asics,95.03,USD,Other,American Football
654,TtMVnOLnFq IypRo,Osprey,60.97,USD,Other,Golf
655,rstpOVWbFo mbDkz,Columbia,44.93,EUR,Other,Climbing
656,BIVcauJhug fUtNG,Gregory,80.52,USD,Other,Golf
657,QfvVhpfCiT VsVry,Brooks,87.19,USD,Other,Climbing
658,eFeVyGBqfi yIsGG,Fitbit,80.86,EUR,Dumbbells,Fitness Equipment
659,zyIJXEjRyw NabSn,Samsung,69.54,EUR,Other,Tennis
660,ThUZjVuMyg bxIFp,Spartans,18.88,EUR,Other,Basketball
661,omuOHoCAqc tnwfd,TriggerPoint,94.5,EUR,Dumbbells,Fitness Equipment
662,YTbanoJjAU wjocQ,Reebok,43.99,EUR,Resistance Bands,Fitness Equipment
663,dcYRDsHvNG ViWdd,Kelty,64.1,EUR,Other,Basketball
664,cdZdzoEKIJ cZIMv,Samsung,55.76,EUR,Heart Rate Monitors,Accessories
665,AIJYSdosSN OIxpp,Nike,48.41,EUR,Other,Baseball
666,EFNAgbFxcm FpzHm,Fitbit,36.51,EUR,Other,American Football
667,RuhOdKzYni AZKaH,Nike,18.99,USD,Other,Skiing & Snowboarding
668,vchpEFkNlq oeEAH,Hydro Flask,50.21,USD,Other,Climbing
669,qFpHZyvHvx mZAjO,Arc'teryx,82.65,USD,Other,Cycling
670,AYIfxwLICN ZhVzi,Gregory,12.35,USD,Other,Soccer
671,QAdknyQfaa SsRcH,Gregory,10.75,EUR,Other,Gym Training
672,vBCAuepGnT hZoqS,Amazfit,22.27,EUR,Water Bottles,Accessories
673,dRndmJQRsq cNTMj,MSR,45.29,USD,Other,Skiing & Snowboarding
674,gCxsxXZBmT Xyapa,Hydro Flask,56.13,USD,Other,Hiking
675,TsXZXDRdsq CKOpS,Nathan,87.12,USD,Sandals,Footwear
676,LvBURFtowp LwDIi,Theragun,41.04,USD,Other,American Football
677,agpaGvvtkf GxOkJ,Black Diamond,11.48,USD,Other,Hiking
678,CSFmvwCsPQ sZvRs,The North Face,93.28,EUR,Other,Yoga
679,SoMzEOvOPc cCpoA,Marmot,50.01,USD,Other,Yoga
680,uuwmtjmNrA iWLFM,Gregory,29.79,EUR,Jackets,Apparel
681,PiOHdyQCJt jZZXb,Mountain Hardwear,87.27,USD,Other,Swimming
682,DbgDrXasPP QpEAf,Patagonia,30.52,EUR,Other,Cycling
683,XwmTSZDZxQ caiCg,SPRI,94.89,USD,Other,Soccer
684,DMycLULVvm HEBvC,Mountain Hardwear,79.21,EUR,Other,Hiking
685,eBNPLPbuKX IMqNo,Kelty,40.39,EUR,Other,Tennis
686,PfXYYCPwLi TVrYk,Samsung,40.69,USD,Other,Skiing & Snowboarding
687,FDRIEqPScm xAoJg,Patagonia,72.1,USD,Other,Hiking
688,PkMrqoSzHH ifnaj,Brooks,79.4,EUR,Other,Gym Training
689,ONIsLHoSHL lfMMb,Samsung,72.9,EUR,T-Shirts,Apparel
690,avMvzXealm hbMgD,Patagonia,86.36,USD,Other,Running
691,ZVZGTccBxy cpAvz,Fitbit,11.05,EUR,Other,Soccer
692,ueBfnrQiko CzpMl,Patagonia,48.9,USD,Other,Gym Training
693,dFegToxlNN rYbUv,TriggerPoint,22.37,EUR,Other,Golf
694,GDfEABWHmy dYvqO,Sea to Summit,85.16,EUR,Other,Cycling
695,PzwlGMcgjc MCrdY,SPRI,13.35,EUR,Other,Baseball
696,ZWqbaqjqDy vhKaX,Columbia,88.66,EUR,Jackets,Apparel
697,tXuIoXtGcc EuHIA,Bala,36.16,USD,Other,Soccer
698,jRlVeUQJxU YtsPr,Nathan,33.73,USD,Water Bottles,Accessories
699,TiHhvtEwxa xzyUl,Marmot,56.46,USD,Other,Climbing
700,gCuRGqOaUJ ICnQB,Reebok,29.1,EUR,Other,Baseball
701,aSSEDQwmKP JSmMf,New Balance,31.79,USD,Other,Yoga
702,OAuFLKkOeZ rqDdQ,The North Face,97.98,USD,Other,Running
703,zbDnDuEQFp fHAzu,Reebok,26.8,USD,Other,Golf
704,XtUcShjLuH NRkLu,The North Face,70.57,EUR,Other,Tennis
705,MrBHBojnLY OBEzQ,TriggerPoint,81.07,USD,Other,Skiing & Snowboarding
706,rfwZYrkgfG yJcGA,Under Armour,29.86,USD,Other,American Football
707,jlSCRrxPqB hyQNd,MSR,80.18,EUR,Other,American Football
708,IrccIorUvw BlrQW,Polar,68.17,USD,Other,Camping
709,RwTTCZxkeF fHExb,Mountain Hardwear,84.73,EUR,Other,Hiking
710,eOKFaFmiJY dtlfu,Hydro Flask,36.77,EUR,Other,Basketball
711,zbVvRDKXAE JjjCV,Under Armour,18.93,USD,Resistance Bands,Fitness Equipment
712,pfTQcJZVrD PmXmv,Gregory,97.37,EUR,Towels,Accessories
713,RnCCtqaFuz Krcnt,Osprey,93.45,EUR,Other,Climbing
714,FsVJNpedsB nGgNC,The North Face,99.12,EUR,Other,Golf
715,eddimvdlqR PgiPa,TriggerPoint,90.74,EUR,Other,Soccer
716,KPKprblcFB TNfMT,Hyperice,77.26,USD,Hiking Boots,Footwear
717,chorrgAbYC AJbGl,Marmot,21.03,USD,Other,Baseball
718,dSLVRhmPGE ipxvI,Nathan,22.38,EUR,Other,Running
719,lajkGTBMGE nWLar,Asics,41.79,USD,Watches,Accessories
720,ZqBHUvKRPl Wyzrp,Garmin,19.87,EUR,Other,Gym Training
721,awlYvrLwiA eRaTc,The North Face,17.58,EUR,Other,Camping
722,OpWugAdmIw bxBAe,Mountain Hardwear,78.36,EUR,Other,Climbing
723,TlUvgZhlLx fPCjn,Columbia,74.84,EUR,Other,Climbing
724,IijJCkUxEi piUGS,Hydro Flask,87.72,USD,Other,Climbing
725,joRKrdquAE fFoyq,New Balance,21.07,USD,Jackets,Apparel
726,gvKQfFZkIm WwCgs,Under Armour,59.31,USD,Other,Basketball
727,DOKxjVGXIC suuWV,Polar,64.33,USD,Other,Skiing & Snowboarding
728,ewYrCHNsPs Hyryp,Polar,45.07,USD,Other,Soccer
729,ocXDqQOznY YYSLH,Gregory,97.61,EUR,Other,Golf
730,mKhobDAqud mHLyr,SPRI,31.71,USD,Shorts,Apparel
731,OjfhNBHDWR bVgpG,Polar,18.4,USD,Other,Cycling
732,sRLVPNjbYY YBDOJ,Under Armour,20.01,USD,Other,Hiking
733,BFXcULfIVS rraRU,Saucony,56.74,EUR,Other,American Football
734,bYIxNGEDkX wyZRC,Black Diamond,99.84,USD,Leggings,Apparel
735,YmdFkFzxjP yRdjc,Reebok,55.39,EUR,Other,Camping
736,ifYZLGZLUZ vYpJF,Theragun,83.8,EUR,Other,Swimming
737,dLzBEnXhwg JEpKD,Nathan,79.46,USD,Other,Yoga
738,zmEGqISqHI gdhzV,Gregory,24.01,EUR,Other,Cycling
739,zPYfVFTiCR OIgEk,Gregory,85.6,EUR,Other,Running
740,IUmkABuzYF NhfbW,TriggerPoint,74.3,EUR,Gym Bags,Accessories
741,bSJfQjcPcz lCKQE,Under Armour,19.36,USD,Other,Camping
742,ypWXKNkypK BotQj,Reebok,70.86,EUR,Other,Baseball
743,AEyrBoNafQ JvvJi,MSR,28.53,USD,Other,Yoga
744,lOxwumKkFB iFYCr,Osprey,24.13,USD,Other,Yoga
745,tEcBMaTtmR jdyRd,Saucony,78.2,USD,Sports Bras,Apparel
746,WcENWaLPNw mizee,Puma,52.76,USD,Jackets,Apparel
747,jjNXKmqYdh NGVbk,Asics,73.72,USD,Other,Cycling
748,UaGWtUfoMJ pMPQh,CamelBak,47.36,USD,Other,Running
749,WWqDmSufxf LsLwU,Marmot,79.53,EUR,Other,American Football
750,zyFghrfstw JTOVG,Theragun,83.2,EUR,Other,Baseball
751,fBFVYuSSru wnjto,Patagonia,83.57,EUR,Other,Cycling
752,oEBOgqpAoV OzdYP,Osprey,95.84,USD,Other,Yoga
753,lMpFAtJhpw CuPLX,Nike,18.57,USD,Other,Yoga
754,aGgCRmFZjZ Pgvwd,Gregory,97.58,EUR,Other,Hiking
755,ZCaNOfbjAS qjOYA,Mountain Hardwear,25.25,USD,Other,Hiking
756,apysgHbbed jFoxZ,Amazfit,68.57,USD,Medicine Balls,Fitness Equipment
757,HiadkCUbBb OlUGc,Spartans,58.64,USD,Other,Tennis
758,tsrRHTFSmZ FQwKK,Osprey,72.86,USD,Other,American Football
759,OOAwedmwUB LQLzU,Hyperice,60.55,EUR,Other,American Football
760,BBXjQaaiVc IJyXi,New Balance,98.1,EUR,Other,American Football
761,tYcUeEHRGJ oJfiV,Saucony,81.0,EUR,Jackets,Apparel
762,MHLkMCvZoR EJfYP,CamelBak,50.78,EUR,Other,Soccer
763,GTmgxtfJIo wmpan,Asics,11.2,USD,Other,American Football
764,PtjmGkdJCD qxIXm,Spartans,40.41,EUR,Other,Golf
765,nunpAGqcHq zarJk,Mountain Hardwear,92.12,USD,Other,American Football
766,YKDKVgcSkg hudJZ,New Balance,10.07,EUR,Other,Camping
767,ftQnwdnBYo KLNeS,Kelty,82.83,USD,Other,Baseball
768,AOmVJsflWL uuSlp,Spartans,27.29,USD,Other,Running
769,EHgDEplIxh BJqBN,Amazfit,96.32,EUR,Other,Climbing
770,GPDuHHeiHb BkuZP,Kelty,77.77,USD,Other,Climbing
771,zOtDlsFLgI hKLvK,Nathan,43.12,EUR,Other,Running
772,pjrLkinhtm PRQAA,Puma,43.51,USD,Hiking Boots,Footwear
773,cvwVOaWnNv CkBSS,Mountain Hardwear,29.35,USD,Resistance Bands,Fitness Equipment
774,CbMwNTRaYa EEaQr,Spartans,89.41,USD,Other,Running
775,uKvoMkZQkD FRmop,Hydro Flask,95.71,USD,Other,Baseball
776,BBShQBXtIP juTgg,Amazfit,86.38,EUR,Other,Swimming
777,KmqAsrcbyb hsZTe,Asics,26.73,USD,Other,Baseball
778,DrtcGNirhn Vjspn,Sea to Summit,92.66,USD,Other,Baseball
779,vpzDtedtGL GuAKc,Arc'teryx,54.1,EUR,Other,Golf
780,IqvxYjDRRd tGVkD,Arc'teryx,82.17,EUR,Shorts,Apparel
781,GnvErSvCJM HBJDH,Kelty,88.79,EUR,Other,Running
782,kzohjBcAwX OnFDY,Kelty,93.81,EUR,Other,Hiking
783,ajPbPfYwWL zLLeX,Suunto,92.4,EUR,Other,Gym Training
784,ocoABxUgBH bBARf,Amazfit,92.38,EUR,Other,Skiing & Snowboarding
785,biPKKPlLJv vxXAX,Mountain Hardwear,55.28,USD,Other,Swimming
786,qqtmCKXJZG Gvxxm,Adidas,93.22,EUR,Other,Soccer
787,AotBnvcZuC Hspas,Under Armour,93.59,USD,Other,Camping
788,GhSIcRGcDc AmNQa,Brooks,69.19,USD,Other,Running
789,oAQTZrHMPK ckzIM,Adidas,22.97,USD,Other,Tennis
790,OsJqyIarmK sPtQh,New Balance,63.61,USD,Resistance Bands,Fitness Equipment
791,lPRcseAewW wzBPK,Brooks,83.09,EUR,Other,Yoga
792,hRaKfmJWTp MxsVh,Reebok,42.69,EUR,Sports Bras,Apparel
793,YreMkdJUTw dUWMC,Hyperice,16.23,USD,Other,Skiing & Snowboarding
794,EtHOrPxEUE whsIJ,Theragun,85.72,EUR,Other,Cycling
795,zKYCIknIkq ADKix,Bala,83.53,EUR,Other,Basketball
796,ZnriVBQtwr OcWON,Polar,43.18,EUR,Slippers,Footwear
797,IAucYfcoIR nFZDh,MSR,90.67,USD,Other,American Football
798,itxKIbYWBN JyADY,SPRI,36.92,EUR,Other,Tennis
799,lEXxMFbTrn aIxtF,Osprey,62.75,EUR,Other,Skiing & Snowboarding
800,GWptaMITTJ OIpCx,TriggerPoint,77.43,USD,Other,Tennis
801,AVHSzbuQhZ nsfdH,CamelBak,11.7,USD,Other,Cycling
802,GHsQElmRQu nAhvP,Polar,30.92,USD,Other,Tennis
803,QdYuspoYVB SbDaf,Nathan,22.17,EUR,Watches,Accessories
804,MrcPoZpLFq MgKUq,Hydro Flask,97.88,EUR,Other,Soccer
805,NFtnHRmAuJ Orxdv,Mountain Hardwear,42.33,USD,Other,Yoga
806,uKzYiXEgrI iXuki,Samsung,33.0,EUR,Other,Gym Training
807,rfLmSQZMGO BibhW,Theragun,44.75,USD,Other,Running
808,KpXrzWrdnt rzmrY,TriggerPoint,33.5,USD,Other,Golf
809,sTMZPEEEuG eaXid,The North Face,17.89,USD,Other,Yoga
810,BAlmdikKYW uhLIC,Mountain Hardwear,28.42,USD,Gym Bags,Accessories
811,PQfKkPLFGQ HMgsD,Saucony,16.56,EUR,Other,Tennis
812,NJEDzQAyMP bktaM,Mountain Hardwear,60.56,USD,Other,Climbing
813,fKMphkhNxH voElq,MSR,68.35,EUR,Other,Baseball
814,LJTDrvpCqe YYccp,Black Diamond,98.68,USD,Other,Basketball
815,mIEWDcDNYW BPqQc,Gregory,71.12,USD,Other,Skiing & Snowboarding
816,ixlNURlYBG QfRqE,Adidas,60.37,EUR,Other,Skiing & Snowboarding
817,ZfgVzLyeSN FIUDZ,Fitbit,32.51,USD,Other,Basketball
818,kdoJEhUaEg bILey,Reebok,18.68,EUR,Other,Running
819,yJIAhNyMvj yRZiC,Garmin,58.5,USD,Other,Soccer
820,oAKYdsomGS nwpVs,Kelty,46.08,EUR,Other,Camping
821,jKKPsMztPC vJEVs,New Balance,71.46,USD,Other,Camping
822,zvKCpAjcaK eXBtW,Garmin,80.22,USD,Jackets,Apparel
823,JRFdJaFGuh WtOAp,Asics,11.38,EUR,Other,Running
824,ypwWaoCSci GzgbT,Nathan,92.44,USD,Watches,Accessories
825,CRggPYtSrX OWtbA,The North Face,67.53,USD,Other,Baseball
826,UOfDBmVtMq wxRwn,Puma,97.48,USD,Other,Camping
827,IqhzfOmztY CEGaT,Nathan,12.28,USD,Heart Rate Monitors,Accessories
828,gPglGzuixi GwALy,Brooks,90.13,EUR,Other,Camping
829,WucfVMIflO esdlq,Bala,23.49,EUR,Other,Climbing
830,ZfSgQHbQIq FChYT,Patagonia,23.11,USD,Other,Hiking
831,jUaOtaKcrZ wrEVn,Bala,61.72,EUR,Other,Skiing & Snowboarding
832,dyXrBerPTu UTsto,SPRI,18.29,EUR,Other,Skiing & Snowboarding
833,bURaXYsDXy lCdJV,Black Diamond,23.33,USD,Other,Cycling
834,UMyDXSqyDw IlMVQ,Theragun,15.09,EUR,Other,Baseball
835,OYYvwusgSF oMTgs,Black Diamond,55.61,EUR,Other,Tennis
836,aAGgoWvbkb bFLuZ,Marmot,44.74,USD,Jackets,Apparel
837,fYnRMsgnju tuxbM,Saucony,15.78,USD,Other,Cycling
838,YFKkSXTJie hEwgW,Kelty,35.7,USD,Other,Baseball
839,OPxNzRZBfI VOrju,Nathan,92.97,USD,Other,Golf
840,SOIMWmORfF UrTJO,Arc'teryx,84.23,EUR,Other,Swimming
841,JOOIVxjwIT nOyKS,Gregory,58.56,EUR,Other,Hiking
842,AyMMqHDWMP xihpb,Suunto,61.93,EUR,Shorts,Apparel
843,PSQWIsyVda dnbmp,Samsung,98.58,EUR,Other,Skiing & Snowboarding
844,CNHjiLIsYf fJUiU,TriggerPoint,81.95,USD,Other,Basketball
845,lxZJGEDxcj NJQyA,Amazfit,23.2,USD,Other,Basketball
846,ewPwCIGQGn mMpIJ,Amazfit,78.2,EUR,Other,Baseball
847,fkxpduYUig TtANH,Brooks,62.26,EUR,Other,Cycling
848,JVUzzfkdRo FKRXd,Fitbit,66.94,EUR,Yoga Mats,Fitness Equipment
849,KsElrHRbPD sFBRV,Osprey,46.23,USD,Other,Tennis
850,BKSrVuPgFb DRxTD,Polar,82.02,USD,Other,Soccer
851,QOAZxjUBOK zfPrN,Asics,58.87,USD,Other,Tennis
852,LbTZrSwXSp uNFjJ,Nathan,72.33,USD,Sandals,Footwear
853,RAKldDRZlt KPTbs,TriggerPoint,80.82,EUR,Water Bottles,Accessories
854,iZgpekRoEi vLJJX,Gregory,48.11,EUR,Other,Cycling
855,nnmbwIKUpw pRETb,Polar,83.13,EUR,Other,Gym Training
856,VliRQZwwne bXYoR,Apple,51.91,USD,Towels,Accessories
857,DdGECIzOJw QVqTX,Amazfit,82.1,EUR,Other,Cycling
858,qUZYQEtfBu eYlDZ,Fitbit,52.12,USD,Other,Swimming
859,tgLmNMpoyr tzZjZ,Fitbit,90.23,EUR,Other,Skiing & Snowboarding
860,CuVJJwmiAh trxHU,Reebok,36.0,EUR,Other,Hiking
861,BDnePGkRUx lHkOw,Under Armour,24.74,USD,Other,Basketball
862,AtSzpTGnkm DZuDT,Mountain Hardwear,91.51,USD,Other,Hiking
863,igPpkJFpcu ZARIR,Hyperice,72.7,EUR,Other,Swimming
864,LMyLqVwelr VwPor,Arc'teryx,52.79,EUR,Other,Cycling
865,JAClstLOTD gmYYq,Amazfit,85.97,EUR,Other,Gym Training
866,HIdbVzMrvC jhbmT,Saucony,83.21,USD,Other,Running
867,yDkarMoeEm MruFf,Reebok,43.98,USD,Other,Swimming
868,CVQshwyIqM iNbYC,Polar,14.04,EUR,Walking Shoes,Footwear
869,lLPIABEbDG fswZA,Adidas,22.9,EUR,Other,Basketball
870,POsmsjmnFx xtvgF,Amazfit,78.44,EUR,Other,Swimming
871,WwXxIqsiqn lbwgz,Adidas,82.47,USD,Other,Hiking
872,vHMeHRrEot KvHGe,MSR,60.59,USD,Other,Yoga
873,CZjFOpDKaF uXKOc,TriggerPoint,61.68,EUR,Other,Swimming
874,ARUmIPdxkN YKkIu,Gregory,10.66,EUR,Other,Climbing
875,QpDqzgCkdW aOzSq,Osprey,84.78,USD,Other,Cycling
876,RxtXVItGVN XZJvX,MSR,79.23,EUR,Other,Cycling
877,HGUapnUFvz rsXlw,Osprey,33.78,EUR,Other,Golf
878,MmSOUVEfUb luYkr,Suunto,96.65,USD,Other,Cycling
879,hbjTAojtyp eKfzR,Brooks,40.65,USD,Other,Gym Training
880,NlospYsIqk cQWzC,Black Diamond,11.91,USD,Other,Hiking
881,joCyhsnmfj SXMam,Nathan,37.85,USD,Other,Tennis
882,xQEtexZvwI cBVvI,Garmin,28.26,EUR,Other,Soccer
883,rwUyLHJtiJ tnUYs,Brooks,47.69,EUR,Other,Cycling
884,SouwchpxIY lamaA,Under Armour,47.44,EUR,T-Shirts,Apparel
885,lOwqjSRQTi yvZpL,CamelBak,45.21,EUR,Other,Skiing & Snowboarding
886,dUWFzEDUrB Aepln,Hyperice,90.98,USD,Jackets,Apparel
887,HqOBEPabcd MVPAC,SPRI,90.71,USD,Other,Baseball
888,NLQLWDjvSB LDmFu,CamelBak,43.26,USD,Other,Skiing & Snowboarding
889,RckuxRKees uqjsJ,Amazfit,78.08,EUR,Other,Yoga
890,XBeHKqbCQo RYuTz,Patagonia,13.85,USD,Leggings,Apparel
891,KPgBliwVPi ODfXY,Brooks,86.47,USD,Other,Golf
892,aAPdmhUsYd VOitg,Amazfit,78.16,USD,Other,Hiking
893,fRarWmqjmD buFaH,Black Diamond,64.75,EUR,Other,Camping
894,lYQwcMijEz YVjVc,Mountain Hardwear,51.52,EUR,Other,Camping
895,bqlIFeWqoS ditCQ,Fitbit,94.53,EUR,Running Shoes,Footwear
896,IqneJRtQiU lwIYi,CamelBak,80.08,EUR,Other,Camping
897,axjvXXLfak hoRMv,Nathan,78.01,EUR,Foam Rollers,Fitness Equipment
898,PLgXztCpxq yBPEB,Fitbit,67.74,USD,Other,Swimming
899,KdMNDtGJAA KUuhV,Patagonia,61.3,EUR,Other,Swimming
900,LknwGQDiSV CBTtR,Hyperice,30.17,USD,Other,Hiking
901,MZURgZAZSZ GtfTQ,Spartans,34.38,EUR,Sports Bras,Apparel
902,CTNabTMNnm HlaVG,MSR,13.39,EUR,Other,Running
903,MTTELyJuEb pFAgO,Adidas,36.34,USD,Medicine Balls,Fitness Equipment
904,xlmJTUrdCo DudnS,Polar,24.35,EUR,Other,American Football
905,OftzrSxlos sLeoO,Bala,26.85,EUR,Jackets,Apparel
906,lbKOJKTdWT JLKjI,Bala,37.54,EUR,Other,American Football
907,RYeGGnlSXW JUUcT,Osprey,19.07,USD,Other,Camping
908,TJKJIiipAe jsJYr,Nike,95.02,USD,Sports Bras,Apparel
909,pmbpuTxGNg ZnLVJ,Gregory,21.28,USD,Other,Camping
910,nEButzsBoH ixphQ,Spartans,50.05,USD,Other,Basketball
911,xsgqpEMIdz MEAmN,Saucony,91.5,USD,Other,Climbing
912,sQtSzTRUfI wyHsw,Samsung,85.03,USD,Other,Hiking
913,aZrzCeztBX fMzGJ,Polar,29.66,EUR,Watches,Accessories
914,FfjswDpUKt GeFcX,MSR,61.79,USD,Other,Basketball
915,kRUeHdGdSM rjHcf,Under Armour,74.6,EUR,Sandals,Footwear
916,sImKKKvEam LJyqP,MSR,81.44,EUR,Other,Gym Training
917,iHgXlrIWNl KUBLe,Patagonia,84.35,USD,Other,Tennis
918,YYkeQWIkSO Labfl,Nathan,24.7,USD,Other,Tennis
919,EuMBYrlgdg pYqCl,Arc'teryx,75.63,EUR,Other,Baseball
920,eKlzqvzLPv ZeYUe,Apple,26.35,EUR,Resistance Bands,Fitness Equipment
921,hEOVvBmpDT LVZsN,Puma,45.89,EUR,Other,Soccer
922,AmbeTeKAeo UThNP,Adidas,57.32,EUR,Other,Yoga
923,WPTLvWiYAM SNdds,Under Armour,98.34,USD,Other,Tennis
924,EHbOIRrmQD dnZAZ,Amazfit,53.94,EUR,Other,American Football
925,kAFzowWGQR IFqWn,Brooks,76.79,USD,Other,Tennis
926,eBaADDAWTM IuvGv,Patagonia,56.26,USD,Other,American Football
927,xOdDNtRdXY XmltP,Reebok,58.22,USD,Other,Golf
928,ddpeOPlZYm JmwBa,Osprey,96.21,EUR,Other,Swimming
929,imQjRPWCiq pjVFk,Suunto,45.17,USD,Other,Skiing & Snowboarding
930,ZypgpqSiaT mxLEf,Bala,42.34,USD,Other,Climbing
931,FKlqfqIyKj opclq,Nike,11.74,USD,Other,Gym Training
932,TEUtRnKwYI HJPLF,Under Armour,93.46,USD,Water Bottles,Accessories
933,NKUtqICoba JXhex,Black Diamond,50.21,USD,Sports Bras,Apparel
934,sORFBUJDdC gSQTO,MSR,66.16,USD,Other,Tennis
935,SGMogEnxqo xNHDl,Kelty,47.03,USD,Yoga Mats,Fitness Equipment
936,hRBuPLIisg TgsgT,Polar,81.49,EUR,Other,American Football
937,hgOtbamYwj eWqCz,Amazfit,90.24,EUR,Other,Baseball
938,CpAGrUmoet NbyaN,Bala,43.81,USD,Shorts,Apparel
939,AoejFURktJ fpGWF,Suunto,44.57,EUR,Other,Skiing & Snowboarding
940,QQGeLVUCzA eHjxK,Patagonia,67.76,USD,Other,Hiking
941,WoThuxiXYh omXro,Bala,49.29,USD,Other,Skiing & Snowboarding
942,EwBjAqqDcL lYSVj,Theragun,41.86,EUR,Other,Running
943,yoihIQVaHF CSZNo,TriggerPoint,10.75,EUR,Other,Camping
944,qeCgiCMIXP qvxku,Sea to Summit,86.1,EUR,Other,Golf
945,mlgABHhtqR iGAPI,Spartans,52.43,USD,Watches,Accessories
946,FKzMLKsFsX IjOen,Puma,76.61,USD,Water Bottles,Accessories
947,cajxBTJPok RAJON,TriggerPoint,97.18,EUR,Other,Swimming
948,ibMBcbZdVI LAAng,Nathan,36.67,EUR,Slippers,Footwear
949,eAkQUHuUwS zXZkw,Amazfit,16.71,USD,Other,Soccer
950,PaMgiQdWZV zYpzY,The North Face,20.94,EUR,Other,Climbing
951,ZqpsLRbhTj DdtKs,The North Face,29.08,USD,Other,Climbing
952,pctEKDcSPp cCspN,Polar,45.94,EUR,Other,Golf
953,yTKgDHLAPS TbuGM,CamelBak,77.17,EUR,Other,Gym Training
954,TckXtvSoid UlIjm,Spartans,30.38,USD,Other,Gym Training
955,zDLHBDVLWz iTiGO,Theragun,66.65,USD,Other,Tennis
956,tLoHXiyLOi suBgC,Brooks,65.47,USD,Heart Rate Monitors,Accessories
957,qQHcuIuwSH jcTjq,Black Diamond,86.26,EUR,Other,Soccer
958,XUqPocoEsP udFTm,Bala,56.71,EUR,Other,Running
959,EYcJhNiQyX IELdl,Amazfit,14.08,USD,Other,Yoga
960,UWqWCjaBWC kqqXf,Apple,57.83,EUR,Other,Golf
961,PZoGaGhxPb ewXUs,Apple,99.3,EUR,Other,Yoga
962,FiSOSYGdyI QViwo,Samsung,34.12,EUR,Other,Running
963,tfIdjXBooF HpwNC,Nathan,29.42,EUR,Running Shoes,Footwear
964,IXYBXpCiGv zlTvo,Nathan,89.7,EUR,Other,Camping
965,zotkqqLtVk dVOBa,Samsung,25.32,EUR,Other,Baseball
966,ZmuZcRkVhX sPTKT,Bala,47.81,EUR,Other,Running
967,lgYYExtOdn PStaB,Under Armour,83.66,EUR,Slippers,Footwear
968,MbuBGbuEIp ecgll,Garmin,30.56,USD,Water Bottles,Accessories
969,dcPhQgnLUp HbQqQ,CamelBak,28.69,EUR,Other,Basketball
970,pKEfhbNlSL VnDEc,Nathan,58.4,EUR,Hiking Boots,Footwear
971,RsxxLNwNmy XdNui,Theragun,24.3,EUR,Other,Yoga
972,nexxRMXPnq pBGBb,Patagonia,69.91,EUR,Other,Soccer
973,qLowIszqlX iYrBR,Bala,72.77,USD,Other,Hiking
974,MDcBYdxaWl YUcbx,Kelty,59.59,EUR,Slippers,Footwear
975,QbPvYvpdOr PjEdt,Saucony,88.66,USD,Heart Rate Monitors,Accessories
976,mPwBygAgYI adAgs,New Balance,26.72,EUR,Other,Soccer
977,KaTweSsfYa cuhAI,Brooks,16.49,USD,Other,Climbing
978,jfBZNMlsCX iAVgI,Hyperice,77.87,USD,Other,Hiking
979,mipbrgZiOl KOyse,Reebok,33.63,EUR,Other,Gym Training
980,AddVqoZlVb EiMxq,Reebok,62.26,USD,Other,Basketball
981,ozBeCgyEbT ECvyZ,Brooks,53.02,EUR,Running Shoes,Footwear
982,JKVUdJSdYK TkNrk,Polar,31.7,EUR,Other,Running
983,RCFaqdssTI BoppY,Hydro Flask,63.43,USD,Other,Hiking
984,gXnqkecUmy wgEGR,Spartans,95.99,EUR,Other,Yoga
985,PBOvQQxCjP SLZxH,Samsung,18.83,EUR,Other,Gym Training
986,nxKExSTzgf TFQBu,Bala,74.22,EUR,Other,Running
987,qEBEKxpeLM VavTE,Spartans,31.07,USD,Other,Soccer
988,eHCCBZFwAC IAGJy,Nathan,78.9,EUR,Other,Climbing
989,pCEFiNcufU Fxzpb,Polar,54.65,EUR,Other,Baseball
990,qNgzyrJUpX joFpi,Columbia,39.55,USD,Other,American Football
991,kcPmucTgNs ePyAW,Hyperice,57.72,EUR,Other,Basketball
992,THbvEItUOy IkRLv,Nike,55.63,USD,Other,Running
993,uDysKpUGHF crHhQ,Samsung,57.32,USD,Yoga Mats,Fitness Equipment
994,CbBzNHKmdF byJPx,Gregory,38.03,EUR,Other,Basketball
995,kfBzYMqBRz fItuI,Amazfit,68.27,USD,Shorts,Apparel
996,sCUSNGQPCf fIJBL,Marmot,63.51,EUR,Other,Camping
997,tLSjouIOFO nTLih,Kelty,12.12,EUR,Other,American Football
998,viHIyBCeOL pYoPT,Puma,58.79,USD,Other,Soccer
999,NqSvFYVotf cdawg,Apple,11.69,USD,Other,Tennis
1000,wmeGzwUNWZ rrBGd,Bala,59.4,USD,Jackets,Apparel
